<?xml version="1.0" encoding="utf-8"?>
<!DOCTYPE install PUBLIC "-//Joomla! 2.5//DTD template 1.0//EN" "http://www.joomla.org/xml/dtd/2.5/template-install.dtd">
<extension version="2.5" type="template" client="site">
  <name>IMH Blog Template</name>
  <version>1.0</version>
  <creationDate>10/02/2012</creationDate>
  <author>InMotion Hosting</author>
  <authorEmail>support@inmotionhosting.com</authorEmail>
  <copyright>Copyright (C) 2012 InMotion Hosting</copyright>
  <description>A responsive blog template for Joomla 3.0 from &lt;a href='http://www.inmotionhosting.com'&gt;InMotion Hosting&lt;/a&gt;</description>
  <files>
    <filename>index.php</filename>
    <folder>css</folder>
    <folder>images</folder>
  </files>
  <positions>
	<position>top-menu</position>
        <position>debug</position>
        <position>position-0</position>
        <position>position-1</position>
        <position>position-2</position>
        <position>position-3</position>
        <position>position-4</position>
        <position>position-5</position>
        <position>position-6</position>
        <position>position-7</position>
        <position>position-8</position>
        <position>position-9</position>
        <position>position-10</position>
        <position>position-11</position>
        <position>position-12</position>
        <position>position-13</position>
        <position>position-14</position>
	<position>footer-1</position>
	<position>footer-2</position>
	<position>footer-3</position>
	<position>footer-4</position>
  </positions>
  <config>
          <fields name="params">
                <fieldset name="layout" label="Layout">
			<field name="templateSubTitle" class="" type="text" default="Template subtitle goes here"
				label="SubTitle"
				description="Enter a subtitle for your website here. Leave blank if you don't want to show a subtitle." />
                        <field name="showTemplateSubTitle" type="radio" class="btn-group" default="1"
				label="Show Subtitle?"
	                        description="Do you want the subtitle to show on your site?">
				<option value="0">JNO</option>
	                        <option value="1">JYES</option>
                        </field>
                        <field name="showFooterMessage" type="radio" class="btn-group" default="1"
                                label="Show Footer Message?"
                                description="Select 'No' to hide the message in your footer that describes how to place modules in the footer module positions.">
                                <option value="0">JNO</option>
                                <option value="1">JYES</option>
                        </field>
                        <field name="showTopMenuMessage" type="radio" class="btn-group" default="1"
                                label="Show Top Menu Message?"
                                description="Select 'No' to hide the message in your top menu that describes how to place a modules in the top menu.">
                                <option value="0">JNO</option>
                                <option value="1">JYES</option>
                        </field>
                </fieldset>
          </fields>
  </config>
</extension>
